specificProblem,eventType,probableCause,perceivedSeverity,MO Class Name,Model
GNSS Receiver Firmware Upgrade Failure,equipmentAlarm,x733EquipmentMalfunction,WARNING,GnssInfo,Transport
License System Triggered Unlock Activated,processingErrorAlarm,x733ConfigurationOrCustomizationError,WARNING,Lm,SystemFunctions
Indoor RAP No Connection,equipmentAlarm,x733EquipmentMalfunction,MINOR,FieldReplaceableUnit,Equipment
Indoor RAP No Connection,equipmentAlarm,x733EquipmentMalfunction,MINOR,RdiPort,Equipment
Indoor RAP Configuration Not Consistent With Installed Equipment,processingErrorAlarm,x733ConfigurationOrCustomizationError,MINOR,RuFlexibleBw,NodeSupport
SW Error,processingErrorAlarm,x733SoftwareError,MINOR,AntennaNearUnit,Equipment
SW Error,processingErrorAlarm,x733SoftwareError,MAJOR,EUtranCellFDD,ENodeBFunction
SW Error,processingErrorAlarm,x733SoftwareError,MAJOR,EUtranCellTDD,ENodeBFunction
SW Error,processingErrorAlarm,x733SoftwareError,MINOR,FieldReplaceableUnit,Equipment
SW Error,processingErrorAlarm,x733SoftwareError,MAJOR,NRCellDU,GNBDUFunction
SW Error,processingErrorAlarm,x733SoftwareError,MINOR,NRSectorCarrier,GNBDUFunction
SW Error,processingErrorAlarm,x733SoftwareError,MAJOR,NbIotCell,ENodeBFunction
SW Error,processingErrorAlarm,x733SoftwareError,MINOR,SectorCarrier,ENodeBFunction
Sync Frequency PDV Problem,communicationsAlarm,m3100Unavailable,WARNING,RadioEquipmentClockReference,Transport
Indoor RAP Communication Problem,equipmentAlarm,gsm1211LinkFailure,MINOR,RdiPort,Equipment
LTE Anchor Service Unavailable,communicationsAlarm,m3100Unavailable,MAJOR,GNBCUCPFunction,GNBCUCPFunction
Carrier Control All Resources Allocated to Other RAT,processingErrorAlarm,x733ConfigurationOrCustomizationError,MINOR,NRSectorCarrier,GNBDUFunction
Carrier Control All Resources Allocated to Other RAT,processingErrorAlarm,x733ConfigurationOrCustomizationError,MINOR,SectorCarrier,ENodeBFunction
Node Group Sync Loss of All SoCC,equipmentAlarm,gsm1211ClockSynchronisationProblem,WARNING,NodeGroupSyncMember,Transport
PIM Level Too High,processingErrorAlarm,x733ConfigurationOrCustomizationError,MINOR,PimCancellationFunction,NodeSupport
System Overvoltage,equipmentAlarm,m3100PowerProblem,MAJOR,PowerDistribution,EquipmentSupportFunction
System Overvoltage,equipmentAlarm,m3100PowerProblem,MAJOR,PowerSupply,EquipmentSupportFunction
Sync PTP Time PDV Problem,communicationsAlarm,m3100Unavailable,MAJOR,RadioEquipmentClockReference,Transport
Partly Disconnected,equipmentAlarm,x733EquipmentMalfunction,MINOR,SupportUnit,Equipment
Calendar Clock Misaligned,processingErrorAlarm,x733UnderlyingResourceUnavailable,WARNING,SysM,SystemFunctions
Battery High Temperature,environmentalAlarm,m3100HighTemperature,MINOR,SupportUnit,Equipment
Power Saving Capacity Limit Exceeded,processingErrorAlarm,x733ConfigurationOrCustomizationError,MAJOR,EUtranCellFDD,ENodeBFunction
Power Saving Capacity Limit Exceeded,processingErrorAlarm,x733ConfigurationOrCustomizationError,MAJOR,EUtranCellTDD,ENodeBFunction
Power Saving Capacity Limit Exceeded,processingErrorAlarm,x733ConfigurationOrCustomizationError,MAJOR,ExtTrx,BtsFunction
Power Saving Capacity Limit Exceeded,processingErrorAlarm,x733ConfigurationOrCustomizationError,MINOR,NRSectorCarrier,GNBDUFunction
Power Saving Capacity Limit Exceeded,processingErrorAlarm,x733ConfigurationOrCustomizationError,MAJOR,NbIotCell,ENodeBFunction
Power Saving Capacity Limit Exceeded,processingErrorAlarm,x733ConfigurationOrCustomizationError,MAJOR,NodeBLocalCell,NodeBFunction
Power Saving Capacity Limit Exceeded,processingErrorAlarm,x733ConfigurationOrCustomizationError,MAJOR,Trx,BtsFunction
Log Has Reached Full Capacity,processingErrorAlarm,x733FileError,WARNING,Log,SystemFunctions
DHCP Requested Parameter Missing,communicationsAlarm,x733CommunicationsProtocolError,MAJOR,InterfaceIPv4,Transport
VSWR Over Threshold,equipmentAlarm,x733EquipmentMalfunction,MINOR,RfPort,Equipment
TMF Configuration Failure,processingErrorAlarm,x733ConfigurationOrCustomizationError,MINOR,AntennaNearUnit,Equipment
FRU General Problem,processingErrorAlarm,x733SoftwareProgramError,MINOR,FieldReplaceableUnit,Equipment
Default AMF PLMN Service Unavailable,communicationsAlarm,m3100Unavailable,MAJOR,GNBCUCPFunction,GNBCUCPFunction
Synchronization Lost,equipmentAlarm,gsm1211ClockSynchronisationProblem,MAJOR,FieldReplaceableUnit,Equipment
IKE Peer Not Reachable,communicationsAlarm,m3100Unavailable,MAJOR,Ikev2Session,Transport
Archive Disk Almost Full,processingErrorAlarm,m3100StorageCapacityProblem,WARNING,SystemFunctions,SystemFunctions
Cell State Inactive,processingErrorAlarm,x733UnderlyingResourceUnavailable,MAJOR,NRCellCU,GNBCUCPFunction
SyncE Reference Failed,equipmentAlarm,gsm1211ClockSynchronisationProblem,WARNING,RadioEquipmentClockReference,Transport
ASD Not Calibrated,equipmentAlarm,x733EquipmentMalfunction,MINOR,AsdSubUnit,Equipment
Indoor RAP Temperature Exceptional,environmentalAlarm,x733TemperatureUnacceptable,MINOR,FieldReplaceableUnit,Equipment
FrequencySyncIO Reference Failed,equipmentAlarm,gsm1211ClockSynchronisationProblem,WARNING,RadioEquipmentClockReference,Transport
SW Download Failure,processingErrorAlarm,m3100SoftwareDownloadFailure,MINOR,AntennaNearUnit,Equipment
SW Download Failure,processingErrorAlarm,m3100SoftwareDownloadFailure,WARNING,BootSwUpgrade,Equipment
SW Download Failure,processingErrorAlarm,m3100SoftwareDownloadFailure,MINOR,FieldReplaceableUnit,Equipment
Output Current Too High,environmentalAlarm,gsm1211ExternalEquipmentFailure,MINOR,SupportUnit,Equipment
Feeder Cable Incorrectly Connected,processingErrorAlarm,x733ConfigurationOrCustomizationError,MINOR,AntennaUnitGroup,Equipment
Resource Activation Timeout,processingErrorAlarm,gsm1211TimeoutExpired,MAJOR,EUtranCellFDD,ENodeBFunction
Resource Activation Timeout,processingErrorAlarm,gsm1211TimeoutExpired,MAJOR,EUtranCellTDD,ENodeBFunction
Resource Activation Timeout,processingErrorAlarm,gsm1211TimeoutExpired,MAJOR,ExtTrx,BtsFunction
Resource Activation Timeout,processingErrorAlarm,gsm1211TimeoutExpired,MINOR,NRSectorCarrier,GNBDUFunction
Resource Activation Timeout,processingErrorAlarm,gsm1211TimeoutExpired,MAJOR,NbIotCell,ENodeBFunction
Resource Activation Timeout,processingErrorAlarm,gsm1211TimeoutExpired,MAJOR,NodeBLocalCell,NodeBFunction
Resource Activation Timeout,processingErrorAlarm,gsm1211TimeoutExpired,MINOR,PimCancellationFunction,NodeSupport
Resource Activation Timeout,processingErrorAlarm,gsm1211TimeoutExpired,MAJOR,SectorEquipmentFunction,NodeSupport
Resource Activation Timeout,processingErrorAlarm,gsm1211TimeoutExpired,MAJOR,Trx,BtsFunction
Fan Speed Continuously High,processingErrorAlarm,x733SoftwareError,MINOR,Climate,EquipmentSupportFunction
Node Group Sync Configuration Fault,processingErrorAlarm,x733ConfigurationOrCustomizationError,WARNING,NodeGroupSyncMember,Transport
No Connection,equipmentAlarm,x733EquipmentMalfunction,MINOR,AntennaNearUnit,Equipment
No Connection,equipmentAlarm,x733EquipmentMalfunction,MINOR,BatteryBackup,EquipmentSupportFunction
No Connection,equipmentAlarm,x733EquipmentMalfunction,MINOR,BatteryUnit,Equipment
No Connection,equipmentAlarm,x733EquipmentMalfunction,MAJOR,Cabinet,Equipment
No Connection,equipmentAlarm,x733EquipmentMalfunction,MAJOR,EcBus,Equipment
No Connection,equipmentAlarm,x733EquipmentMalfunction,MAJOR,EquipmentSupportFunction,EquipmentSupportFunction
No Connection,equipmentAlarm,x733EquipmentMalfunction,MINOR,ExternalNode,Equipment
No Connection,equipmentAlarm,x733EquipmentMalfunction,MAJOR,FanGroup,Equipment
No Connection,equipmentAlarm,x733EquipmentMalfunction,MINOR,FieldReplaceableUnit,Equipment
No Connection,equipmentAlarm,x733EquipmentMalfunction,MAJOR,PlugInModule,Equipment
No Connection,equipmentAlarm,x733EquipmentMalfunction,MINOR,SupportUnit,Equipment
Fan Degraded,equipmentAlarm,x733EquipmentMalfunction,MINOR,FieldReplaceableUnit,Equipment
Aggregated Ethernet Link Failure,communicationsAlarm,m3100LossOfSignal,MINOR,LagPort,Transport
CBRS Service Unavailable,communicationsAlarm,m3100Unavailable,MAJOR,ENodeBFunction,ENodeBFunction
CBRS Service Unavailable,communicationsAlarm,m3100Unavailable,MAJOR,NRSectorCarrier,GNBDUFunction
Temperature Low,environmentalAlarm,m3100LowTemperature,WARNING,FieldReplaceableUnit,Equipment
Sync Time and Phase Accuracy Too Low,qualityOfServiceAlarm,x733PerformanceDegraded,MINOR,ENodeBFunction,ENodeBFunction
Sync Time and Phase Accuracy Too Low,qualityOfServiceAlarm,x733PerformanceDegraded,MINOR,NRSynchronization,GNBDUFunction
SCTP Endpoint Inconsistent Configuration,processingErrorAlarm,x733ConfigurationOrCustomizationError,MAJOR,ENodeBFunction,ENodeBFunction
HW Fault,equipmentAlarm,x733EquipmentMalfunction,MINOR,AntennaNearUnit,Equipment
HW Fault,equipmentAlarm,x733EquipmentMalfunction,MINOR,BatteryUnit,Equipment
HW Fault,equipmentAlarm,x733EquipmentMalfunction,MINOR,FieldReplaceableUnit,Equipment
HW Fault,equipmentAlarm,x733EquipmentMalfunction,MINOR,PlugInModule,Equipment
HW Fault,equipmentAlarm,x733EquipmentMalfunction,MINOR,RetSubUnit,Equipment
HW Fault,equipmentAlarm,x733EquipmentMalfunction,MAJOR,SupportUnit,Equipment
Cell Service Available Auto Recovery Successful Alert,other,m3100Indeterminate,WARNING,EUtranCellFDD,ENodeBFunction
Cell Service Available Auto Recovery Successful Alert,other,m3100Indeterminate,WARNING,EUtranCellTDD,ENodeBFunction
Cell Service Available Auto Recovery Successful Alert,other,m3100Indeterminate,WARNING,NRCellDU,GNBDUFunction
Cell Service Available Auto Recovery Successful Alert,other,m3100Indeterminate,WARNING,NbIotCell,ENodeBFunction
Cell Service Available Auto Recovery Successful Alert,other,m3100Indeterminate,WARNING,NodeBLocalCell,NodeBFunction
Autonomous Mode Activated,communicationsAlarm,x733CommunicationsSubsystemFailure,MAJOR,AutonomousMode,SystemFunctions
DHCP Lease Expiry,communicationsAlarm,x733CommunicationsProtocolError,WARNING,InterfaceIPv4,Transport
MO Configuration Pending Action,processingErrorAlarm,x733ConfigurationOrCustomizationError,MAJOR,NRCellDU,GNBDUFunction
MO Configuration Pending Action,processingErrorAlarm,x733ConfigurationOrCustomizationError,MINOR,NRSectorCarrier,GNBDUFunction
GLS Failure,equipmentAlarm,x733EquipmentMalfunction,MINOR,GlsSubUnit,Equipment
OPM Internal Failure,equipmentAlarm,x733EquipmentMalfunction,MINOR,OpmUnit,Equipment
Temperature Sensor Failure,equipmentAlarm,x733EquipmentMalfunction,MAJOR,BatteryBackup,EquipmentSupportFunction
Temperature Sensor Failure,equipmentAlarm,x733EquipmentMalfunction,MINOR,FieldReplaceableUnit,Equipment
License Key Not Available,processingErrorAlarm,x733ConfigurationOrCustomizationError,MAJOR,FeatureState,SystemFunctions
Critical Temperature Taken Out of Service,environmentalAlarm,x733TemperatureUnacceptable,MAJOR,EFuse,Equipment
Critical Temperature Taken Out of Service,environmentalAlarm,x733TemperatureUnacceptable,MINOR,FieldReplaceableUnit,Equipment
Critical Temperature Taken Out of Service,environmentalAlarm,x733TemperatureUnacceptable,MAJOR,SupportUnit,Equipment
IPL Cable Too Long,equipmentAlarm,gsm1211LinkFailure,MINOR,IplPort,Equipment
Input Power Failure,environmentalAlarm,gsm1211ExternalPowerSupplyFailure,MINOR,FieldReplaceableUnit,Equipment
Software Management Lost Connection to File Server,processingErrorAlarm,x733ConfigurationOrCustomizationError,WARNING,UpgradePackage,SystemFunctions
Large Number of Counters,qualityOfServiceAlarm,x733PerformanceDegraded,WARNING,Pm,SystemFunctions
High Operating Temperature Main Load Disconnected,equipmentAlarm,x733EquipmentMalfunction,MAJOR,PowerDistribution,EquipmentSupportFunction
License Additional Resources Request Sent Alert,other,m3100Indeterminate,WARNING,InstantaneousLicensing,NodeSupport
Number of HW Entities Mismatch,processingErrorAlarm,x733ConfigurationOrCustomizationError,MAJOR,Cabinet,Equipment
Number of HW Entities Mismatch,processingErrorAlarm,x733ConfigurationOrCustomizationError,MAJOR,EcBus,Equipment
SyncE Reference Configuration Not Supported,processingErrorAlarm,x733ConfigurationOrCustomizationError,WARNING,RadioEquipmentClockReference,Transport
Personal Data Deidentification Disabled Alert,other,m3100Indeterminate,WARNING,SecurityHandling,GNBCUCPFunction
HW Partial Fault,equipmentAlarm,x733EquipmentMalfunction,MINOR,AntennaNearUnit,Equipment
HW Partial Fault,equipmentAlarm,x733EquipmentMalfunction,MINOR,FieldReplaceableUnit,Equipment
HW Partial Fault,equipmentAlarm,x733EquipmentMalfunction,WARNING,SupportUnit,Equipment
Fan Failure,equipmentAlarm,x733EquipmentMalfunction,MAJOR,FanGroup,Equipment
Fan Failure,equipmentAlarm,x733EquipmentMalfunction,MINOR,FieldReplaceableUnit,Equipment
Battery Level Low Main Load Disconnected,environmentalAlarm,m3100LowBatteryThreshold,MAJOR,BatteryBackup,EquipmentSupportFunction
PLMN Service Redundancy Lost,equipmentAlarm,gsm1211LinkFailure,WARNING,ENodeBFunction,ENodeBFunction
Input Power Insufficient Performance Degraded,environmentalAlarm,gsm1211ExternalPowerSupplyFailure,MINOR,FieldReplaceableUnit,Equipment
Critical Temperature Performance Degraded,environmentalAlarm,x733TemperatureUnacceptable,MINOR,FieldReplaceableUnit,Equipment
Calendar Clock All NTP Servers Unavailable,processingErrorAlarm,x733UnderlyingResourceUnavailable,MINOR,SysM,SystemFunctions
ASD Autoset Failed,equipmentAlarm,x733EquipmentMalfunction,WARNING,AsdSubUnit,Equipment
Resource Configuration Failure,processingErrorAlarm,x733ConfigurationOrCustomizationError,MAJOR,EUtranCellFDD,ENodeBFunction
Resource Configuration Failure,processingErrorAlarm,x733ConfigurationOrCustomizationError,MAJOR,EUtranCellTDD,ENodeBFunction
Resource Configuration Failure,processingErrorAlarm,x733ConfigurationOrCustomizationError,MAJOR,ExtTrx,BtsFunction
Resource Configuration Failure,processingErrorAlarm,x733ConfigurationOrCustomizationError,MINOR,NRSectorCarrier,GNBDUFunction
Resource Configuration Failure,processingErrorAlarm,x733ConfigurationOrCustomizationError,MAJOR,NbIotCell,ENodeBFunction
Resource Configuration Failure,processingErrorAlarm,x733ConfigurationOrCustomizationError,MAJOR,NodeBLocalCell,NodeBFunction
Resource Configuration Failure,processingErrorAlarm,x733ConfigurationOrCustomizationError,MINOR,PimCancellationFunction,NodeSupport
Resource Configuration Failure,processingErrorAlarm,x733ConfigurationOrCustomizationError,MAJOR,SectorEquipmentFunction,NodeSupport
Resource Configuration Failure,processingErrorAlarm,x733ConfigurationOrCustomizationError,MAJOR,SyncPort,Equipment
Resource Configuration Failure,processingErrorAlarm,x733ConfigurationOrCustomizationError,MAJOR,Trx,BtsFunction
Resource Configuration Failure,processingErrorAlarm,x733ConfigurationOrCustomizationError,MINOR,UlCompGroup,ENodeBFunction
Indoor RAP Configuration Not Supported,equipmentAlarm,x733EquipmentMalfunction,MINOR,FieldReplaceableUnit,Equipment
PIM Desense Over Threshold,equipmentAlarm,gsm1211AntennaProblem,MINOR,RfPort,Equipment
PLMN Service Degraded,communicationsAlarm,m3100Unavailable,MINOR,EUtranCellFDD,ENodeBFunction
PLMN Service Degraded,communicationsAlarm,m3100Unavailable,MINOR,EUtranCellTDD,ENodeBFunction
PLMN Service Degraded,communicationsAlarm,m3100Unavailable,MINOR,NbIotCell,ENodeBFunction
Battery Level Low,environmentalAlarm,m3100LowBatteryThreshold,MINOR,BatteryBackup,EquipmentSupportFunction
Inter Node Carrier Aggregation Service Degraded,qualityOfServiceAlarm,x733PerformanceDegraded,MINOR,ExtGNBDUPartnerFunction,GNBDUFunction
Link Failure,equipmentAlarm,x733EquipmentMalfunction,MINOR,DiLink,Equipment
Link Failure,equipmentAlarm,x733EquipmentMalfunction,MINOR,RiLink,Equipment
Battery Discharge Current High Main Load Disconnected,environmentalAlarm,m3100BatteryDischarging,MAJOR,BatteryBackup,EquipmentSupportFunction
IKE Configuration Payload Fault,communicationsAlarm,x733CommunicationsProtocolError,MAJOR,Ikev2Session,Transport
LMT Cable Present,physicalViolation,x736CableTamper,WARNING,LmtAlarmControl,SystemFunctions
Calendar Clock NTP Time out of Bounds,processingErrorAlarm,m3100LossOfRealTimel,WARNING,Ntp,SystemFunctions
Inter Node Carrier Aggregation Service Unavailable,communicationsAlarm,m3100Unavailable,MINOR,ExtGNBDUPartnerFunction,GNBDUFunction
Inter Node Carrier Aggregation Service Unavailable,communicationsAlarm,m3100Unavailable,MINOR,ExternalENodeBFunction,GNBCUCPFunction
Indoor RAP Desensitization Noise Figure Out of Range,processingErrorAlarm,x733ConfigurationOrCustomizationError,MINOR,SectorEquipmentFunction,NodeSupport
Configuration Requires Feature Activation,processingErrorAlarm,x733ConfigurationOrCustomizationError,MAJOR,AbisIp,BtsFunction
Configuration Requires Feature Activation,processingErrorAlarm,x733ConfigurationOrCustomizationError,MAJOR,EUtranCellFDD,ENodeBFunction
Configuration Requires Feature Activation,processingErrorAlarm,x733ConfigurationOrCustomizationError,MAJOR,EUtranCellTDD,ENodeBFunction
Configuration Requires Feature Activation,processingErrorAlarm,x733ConfigurationOrCustomizationError,MINOR,ExtOamAgent,Equipment
Configuration Requires Feature Activation,processingErrorAlarm,x733ConfigurationOrCustomizationError,MAJOR,ExtTrx,BtsFunction
Configuration Requires Feature Activation,processingErrorAlarm,x733ConfigurationOrCustomizationError,MAJOR,NRCellDU,GNBDUFunction
Configuration Requires Feature Activation,processingErrorAlarm,x733ConfigurationOrCustomizationError,MINOR,NRSectorCarrier,GNBDUFunction
Configuration Requires Feature Activation,processingErrorAlarm,x733ConfigurationOrCustomizationError,MAJOR,NbIotCell,ENodeBFunction
Configuration Requires Feature Activation,processingErrorAlarm,x733ConfigurationOrCustomizationError,MAJOR,NodeBLocalCell,NodeBFunction
Configuration Requires Feature Activation,processingErrorAlarm,x733ConfigurationOrCustomizationError,MINOR,ORadio,Equipment
Configuration Requires Feature Activation,processingErrorAlarm,x733ConfigurationOrCustomizationError,MAJOR,SectorEquipmentFunction,NodeSupport
Configuration Requires Feature Activation,processingErrorAlarm,x733ConfigurationOrCustomizationError,MINOR,ThirdPartyRiPort,Equipment
Configuration Requires Feature Activation,processingErrorAlarm,x733ConfigurationOrCustomizationError,MAJOR,Trx,BtsFunction
Indoor RAP SW Error,processingErrorAlarm,x733SoftwareError,MINOR,FieldReplaceableUnit,Equipment
Theft Deterrence Board Restore Pending,processingErrorAlarm,x733ConfigurationOrCustomizationError,CRITICAL,TheftDeterrence,SystemFunctions
License Integration Unlock Activated,processingErrorAlarm,x733ConfigurationOrCustomizationError,WARNING,IntegrationUnlock,SystemFunctions
EFuse Tripped,environmentalAlarm,m3100FuseFailure,MINOR,EFuse,Equipment
Resource Allocation Failure Service Degraded,processingErrorAlarm,x733ConfigurationOrCustomizationError,MINOR,EUtranCellFDD,ENodeBFunction
Resource Allocation Failure Service Degraded,processingErrorAlarm,x733ConfigurationOrCustomizationError,MINOR,EUtranCellTDD,ENodeBFunction
Resource Allocation Failure Service Degraded,processingErrorAlarm,x733ConfigurationOrCustomizationError,MINOR,ExtTrx,BtsFunction
Resource Allocation Failure Service Degraded,processingErrorAlarm,x733ConfigurationOrCustomizationError,MINOR,NRSectorCarrier,GNBDUFunction
Resource Allocation Failure Service Degraded,processingErrorAlarm,x733ConfigurationOrCustomizationError,MINOR,NbIotCell,ENodeBFunction
Resource Allocation Failure Service Degraded,processingErrorAlarm,x733ConfigurationOrCustomizationError,MINOR,NodeBLocalCell,NodeBFunction
Resource Allocation Failure Service Degraded,processingErrorAlarm,x733ConfigurationOrCustomizationError,MINOR,NodeBSectorCarrier,NodeBFunction
Resource Allocation Failure Service Degraded,processingErrorAlarm,x733ConfigurationOrCustomizationError,MINOR,SectorCarrier,ENodeBFunction
Resource Allocation Failure Service Degraded,processingErrorAlarm,x733ConfigurationOrCustomizationError,MINOR,Trx,BtsFunction
Battery Voltage Too Low Prio Load Disconnected,equipmentAlarm,x733EquipmentMalfunction,MAJOR,PowerDistribution,EquipmentSupportFunction
Indoor RAP Incompatible HW Configuration,processingErrorAlarm,x733ConfigurationOrCustomizationError,WARNING,RdiPort,Equipment
Battery Backup Time Too Short,environmentalAlarm,m3100BatteryFailure,MAJOR,BatteryBackup,EquipmentSupportFunction
ORadio Carrier Configuration Failure,processingErrorAlarm,x733ConfigurationOrCustomizationError,MINOR,NRSectorCarrier,GNBDUFunction
Missing SXU,equipmentAlarm,m3100ReplaceableUnitMissing,MAJOR,FieldReplaceableUnit,Equipment
SFP Not Present,equipmentAlarm,m3100ReplaceableUnitMissing,MINOR,SfpModule,Equipment
A Fallback Operation will soon be started,processingErrorAlarm,timeoutExpired,WARNING,UpgradePackage,SystemFunctions
Battery Voltage Too Low Main Load Disconnected,equipmentAlarm,x733EquipmentMalfunction,MAJOR,PowerDistribution,EquipmentSupportFunction
Sync Frequency Reference Not Reliable,communicationsAlarm,m3100Unavailable,WARNING,RadioEquipmentClockReference,Transport
License System Triggered Unlock Expired,processingErrorAlarm,x733ConfigurationOrCustomizationError,MAJOR,Lm,SystemFunctions
Indoor RAP Cable Insertion Loss,equipmentAlarm,x733EquipmentMalfunction,MINOR,RdiPort,Equipment
Clock Reference Missing For Long Time,equipmentAlarm,gsm1211ClockSynchronisationProblem,WARNING,RadioEquipmentClock,Transport
Cell Service Degraded Auto Recovery Initiated Alert,other,m3100Indeterminate,WARNING,NRCellDU,GNBDUFunction
Service Degraded,qualityOfServiceAlarm,x733PerformanceDegraded,MINOR,EUtranCellFDD,ENodeBFunction
Service Degraded,qualityOfServiceAlarm,x733PerformanceDegraded,MINOR,EUtranCellRelation,GNBCUCPFunction
Service Degraded,qualityOfServiceAlarm,x733PerformanceDegraded,MINOR,EUtranCellTDD,ENodeBFunction
Service Degraded,qualityOfServiceAlarm,x733PerformanceDegraded,MINOR,NRCellDU,GNBDUFunction
Service Degraded,qualityOfServiceAlarm,x733PerformanceDegraded,MINOR,NbIotCell,ENodeBFunction
Resource Allocation Failure,processingErrorAlarm,x733ConfigurationOrCustomizationError,MAJOR,EUtranCellFDD,ENodeBFunction
Resource Allocation Failure,processingErrorAlarm,x733ConfigurationOrCustomizationError,MAJOR,EUtranCellTDD,ENodeBFunction
Resource Allocation Failure,processingErrorAlarm,x733ConfigurationOrCustomizationError,MAJOR,ExtTrx,BtsFunction
Resource Allocation Failure,processingErrorAlarm,x733ConfigurationOrCustomizationError,MAJOR,MbmsService,ENodeBFunction
Resource Allocation Failure,processingErrorAlarm,x733ConfigurationOrCustomizationError,MINOR,NRSectorCarrier,GNBDUFunction
Resource Allocation Failure,processingErrorAlarm,x733ConfigurationOrCustomizationError,MAJOR,NbIotCell,ENodeBFunction
Resource Allocation Failure,processingErrorAlarm,x733ConfigurationOrCustomizationError,MAJOR,NodeBLocalCell,NodeBFunction
Resource Allocation Failure,processingErrorAlarm,x733ConfigurationOrCustomizationError,MAJOR,NodeBSectorCarrier,NodeBFunction
Resource Allocation Failure,processingErrorAlarm,x733ConfigurationOrCustomizationError,MINOR,PimCancellationFunction,NodeSupport
Resource Allocation Failure,processingErrorAlarm,x733ConfigurationOrCustomizationError,MINOR,SectorCarrier,ENodeBFunction
Resource Allocation Failure,processingErrorAlarm,x733ConfigurationOrCustomizationError,MAJOR,Trx,BtsFunction
GNBCUUP Service Unavailable,communicationsAlarm,m3100Unavailable,MAJOR,GNBCUCPFunction,GNBCUCPFunction
Indoor RAP Inconsistent Configuration,processingErrorAlarm,x733ConfigurationOrCustomizationError,MINOR,DotGroupConfig,Equipment
Indoor RAP Inconsistent Configuration,processingErrorAlarm,x733ConfigurationOrCustomizationError,MINOR,MulticastAntennaBranch,Equipment
Indoor RAP Inconsistent Configuration,processingErrorAlarm,x733ConfigurationOrCustomizationError,MINOR,RdData,Equipment
Cell Service Unavailable Auto Recovery Initiated Alert,other,m3100Indeterminate,WARNING,EUtranCellFDD,ENodeBFunction
Cell Service Unavailable Auto Recovery Initiated Alert,other,m3100Indeterminate,WARNING,EUtranCellTDD,ENodeBFunction
Cell Service Unavailable Auto Recovery Initiated Alert,other,m3100Indeterminate,WARNING,NRCellDU,GNBDUFunction
Cell Service Unavailable Auto Recovery Initiated Alert,other,m3100Indeterminate,WARNING,NbIotCell,ENodeBFunction
Cell Service Unavailable Auto Recovery Initiated Alert,other,m3100Indeterminate,WARNING,NodeBLocalCell,NodeBFunction
Temperature High,environmentalAlarm,m3100HighTemperature,WARNING,FieldReplaceableUnit,Equipment
ALD Failure,equipmentAlarm,x733EquipmentMalfunction,MINOR,AntennaNearUnit,Equipment
IPL Link Failure,equipmentAlarm,gsm1211LinkFailure,MINOR,IplPort,Equipment
Not Possible to Start AILG,processingErrorAlarm,x733ConfigurationOrCustomizationError,MINOR,EUtranCellFDD,ENodeBFunction
Not Possible to Start AILG,processingErrorAlarm,x733ConfigurationOrCustomizationError,MINOR,EUtranCellTDD,ENodeBFunction
Critical Temperature Battery Disconnected,equipmentAlarm,x733EquipmentMalfunction,MAJOR,BatteryBackup,EquipmentSupportFunction
Critical Temperature Battery Disconnected,equipmentAlarm,x733EquipmentMalfunction,MINOR,FieldReplaceableUnit,Equipment
Cross Connect Cable Fault,equipmentAlarm,x733EquipmentMalfunction,MAJOR,CcLink,Equipment
BSC Connection Failure,communicationsAlarm,m3100TransmissionError,MAJOR,AbisIp,BtsFunction
Battery End of Life,environmentalAlarm,m3100BatteryFailure,MINOR,BatteryBackup,EquipmentSupportFunction
Battery End of Life,environmentalAlarm,m3100BatteryFailure,MINOR,BatteryUnit,Equipment
OAM Connection to Unit Failure,communicationsAlarm,m3100Unavailable,MINOR,FieldReplaceableUnit,Equipment
ESS Inconsistent Configuration,processingErrorAlarm,x733ConfigurationOrCustomizationError,MAJOR,EUtranCellFDD,ENodeBFunction
ESS Inconsistent Configuration,processingErrorAlarm,x733ConfigurationOrCustomizationError,MAJOR,NRCellDU,GNBDUFunction
ESS Inconsistent Configuration,processingErrorAlarm,x733ConfigurationOrCustomizationError,MINOR,NRPimCancellationConfig,GNBDUFunction
ESS Inconsistent Configuration,processingErrorAlarm,x733ConfigurationOrCustomizationError,MINOR,NRSectorCarrier,GNBDUFunction
ESS Inconsistent Configuration,processingErrorAlarm,x733ConfigurationOrCustomizationError,MINOR,PimCancellationConfig,ENodeBFunction
ESS Inconsistent Configuration,processingErrorAlarm,x733ConfigurationOrCustomizationError,MINOR,SectorCarrier,ENodeBFunction
Enclosure Smoke Detector Failure,equipmentAlarm,x733EquipmentMalfunction,MAJOR,Cabinet,Equipment
Certificate Management the Certificate is to Expire,qualityOfServiceAlarm,x733ThresholdCrossed,WARNING,NodeCredential,SystemFunctions
Certificate Management the Certificate is to Expire,qualityOfServiceAlarm,x733ThresholdCrossed,WARNING,TrustedCertificate,SystemFunctions
SFP HW Fault,equipmentAlarm,x733EquipmentMalfunction,MINOR,SfpModule,Equipment
RET Failure,equipmentAlarm,x733EquipmentMalfunction,MINOR,RetSubUnit,Equipment
Configuration Requires Feature Activation Service Degraded,processingErrorAlarm,x733ConfigurationOrCustomizationError,MINOR,EUtranCellFDD,ENodeBFunction
Configuration Requires Feature Activation Service Degraded,processingErrorAlarm,x733ConfigurationOrCustomizationError,MINOR,NodeBLocalCell,NodeBFunction
BFU Incompatible With Power Configuration,processingErrorAlarm,x733ConfigurationOrCustomizationError,MINOR,FieldReplaceableUnit,Equipment
Indoor RAP HW Fault,equipmentAlarm,x733EquipmentMalfunction,MINOR,FieldReplaceableUnit,Equipment
Indoor RAP SW Download Failure,processingErrorAlarm,m3100SoftwareDownloadFailure,MINOR,FieldReplaceableUnit,Equipment
System Undervoltage,equipmentAlarm,m3100PowerProblem,MINOR,PowerDistribution,EquipmentSupportFunction
System Undervoltage,equipmentAlarm,m3100PowerProblem,MAJOR,PowerSupply,EquipmentSupportFunction
Resource Activation Timeout Service Degraded,processingErrorAlarm,gsm1211TimeoutExpired,MINOR,EUtranCellFDD,ENodeBFunction
Resource Activation Timeout Service Degraded,processingErrorAlarm,gsm1211TimeoutExpired,MINOR,EUtranCellTDD,ENodeBFunction
Resource Activation Timeout Service Degraded,processingErrorAlarm,gsm1211TimeoutExpired,MINOR,ExtTrx,BtsFunction
Resource Activation Timeout Service Degraded,processingErrorAlarm,gsm1211TimeoutExpired,MINOR,NbIotCell,ENodeBFunction
Resource Activation Timeout Service Degraded,processingErrorAlarm,gsm1211TimeoutExpired,MINOR,NodeBLocalCell,NodeBFunction
Resource Activation Timeout Service Degraded,processingErrorAlarm,gsm1211TimeoutExpired,MINOR,Trx,BtsFunction
Alternate Oam Connection In Use,communicationsAlarm,x733CommunicationsProtocolError,WARNING,OamAccessPoint,SystemFunctions
Input Voltage Below Configured Threshold,environmentalAlarm,gsm1211ExternalPowerSupplyFailure,MINOR,EnergyMeter,Equipment
NAPT Tunnel Setup Failure,processingErrorAlarm,x733SoftwareError,MINOR,FieldReplaceableUnit,Equipment
Power Inconsistent Configuration,processingErrorAlarm,x733ConfigurationOrCustomizationError,MINOR,EquipmentSupportFunction,EquipmentSupportFunction
TimeSyncIO Reference Failed,equipmentAlarm,gsm1211ClockSynchronisationProblem,WARNING,RadioEquipmentClockReference,Transport
License Additional Resources Installed Alert,other,m3100Indeterminate,WARNING,InstantaneousLicensing,NodeSupport
Licensed Capacity Exceeded,processingErrorAlarm,x733ConfigurationOrCustomizationError,MAJOR,ExtTrx,BtsFunction
Licensed Capacity Exceeded,processingErrorAlarm,x733ConfigurationOrCustomizationError,MINOR,NodeBLocalCell,NodeBFunction
Licensed Capacity Exceeded,processingErrorAlarm,x733ConfigurationOrCustomizationError,MAJOR,Trx,BtsFunction
License Key Close to Expiration,processingErrorAlarm,x733ConfigurationOrCustomizationError,WARNING,Lm,SystemFunctions
SFP Product Number Mismatch,equipmentAlarm,m3100ReplaceableUnitTypeMismatch,WARNING,SfpModule,Equipment
E5U Link to GNBDU Failure,communicationsAlarm,m3100Unavailable,MINOR,InterMeLink,GNBDUFunction
ESS Service Unavailable,processingErrorAlarm,x733ConfigurationOrCustomizationError,MAJOR,EUtranCellFDD,ENodeBFunction
ESS Service Unavailable,processingErrorAlarm,x733ConfigurationOrCustomizationError,MAJOR,NRCellDU,GNBDUFunction
Link Degraded,equipmentAlarm,x733EquipmentMalfunction,MINOR,DiLink,Equipment
Link Degraded,equipmentAlarm,x733EquipmentMalfunction,MINOR,RiLink,Equipment
RNC Connection Failure,communicationsAlarm,x733CommunicationsSubsystemFailure,MAJOR,NbapCommon,NodeBFunction
Sync PTP Time Reliability Fault,communicationsAlarm,m3100Unavailable,MAJOR,RadioEquipmentClockReference,Transport
Scheduled Backup Failed,processingErrorAlarm,x733SoftwareProgramError,WARNING,BrmBackupScheduler,SystemFunctions
Scheduled Backup Failed,processingErrorAlarm,x733SoftwareProgramError,WARNING,BrmSingleEvent,SystemFunctions
RX Branch Imbalance Fault,equipmentAlarm,x733EquipmentMalfunction,MINOR,AntennaUnitGroup,Equipment
Incompatible HW Configuration,processingErrorAlarm,x733ConfigurationOrCustomizationError,MINOR,FieldReplaceableUnit,Equipment
Incompatible HW Configuration,processingErrorAlarm,x733ConfigurationOrCustomizationError,MINOR,IplPort,Equipment
Incompatible HW Configuration,processingErrorAlarm,x733ConfigurationOrCustomizationError,MINOR,SectorEquipmentFunction,NodeSupport
Incompatible HW Configuration,processingErrorAlarm,x733ConfigurationOrCustomizationError,MINOR,SfpModule,Equipment
Antenna General Problem,equipmentAlarm,gsm1211AntennaProblem,MINOR,AdbSubUnit,Equipment
Antenna General Problem,equipmentAlarm,gsm1211AntennaProblem,MINOR,AntennaNearUnit,Equipment
Antenna General Problem,equipmentAlarm,gsm1211AntennaProblem,MINOR,RetSubUnit,Equipment
Antenna General Problem,equipmentAlarm,gsm1211AntennaProblem,MINOR,TmaSubUnit,Equipment
Rollback Escalation Started,processingErrorAlarm,x733SoftwareProgramError,MAJOR,SysM,SystemFunctions
License Key Not Activated,processingErrorAlarm,x733ConfigurationOrCustomizationError,WARNING,FeatureState,SystemFunctions
Grace Period Activated,qualityOfServiceAlarm,x733ThresholdCrossed,MINOR,GracePeriod,SystemFunctions
Antenna Calibration DL Failure,processingErrorAlarm,x733ConfigurationOrCustomizationError,MINOR,NRSectorCarrier,GNBDUFunction
Antenna Calibration DL Failure,processingErrorAlarm,x733ConfigurationOrCustomizationError,MINOR,SectorCarrier,ENodeBFunction
SW Version Mismatch,processingErrorAlarm,x733SoftwareError,MINOR,FieldReplaceableUnit,Equipment
Suspected Sleeping Cell,qualityOfServiceAlarm,x733ThresholdCrossed,MAJOR,EUtranCellFDD,ENodeBFunction
Suspected Sleeping Cell,qualityOfServiceAlarm,x733ThresholdCrossed,MAJOR,EUtranCellTDD,ENodeBFunction
Suspected Sleeping Cell,qualityOfServiceAlarm,x733ThresholdCrossed,MAJOR,NodeBLocalCell,NodeBFunction
OPM Supply Voltage Failure,equipmentAlarm,gsm1211PowerSupplyFailure,MINOR,OpmUnit,Equipment
OAM Connection to Unit Partial Failure,communicationsAlarm,m3100Unavailable,MINOR,FieldReplaceableUnit,Equipment
Battery Disconnected,equipmentAlarm,m3100ExternalIfDeviceProblem,MAJOR,BatteryBackup,EquipmentSupportFunction
Sync Inconsistent Configuration,processingErrorAlarm,x733ConfigurationOrCustomizationError,WARNING,RadioEquipmentClock,Transport
Battery Failure Battery Disconnected,equipmentAlarm,gsm1211BatteryBreakdown,MAJOR,BatteryBackup,EquipmentSupportFunction
Battery Level Low Prio Load Disconnected,environmentalAlarm,m3100LowBatteryThreshold,MAJOR,BatteryBackup,EquipmentSupportFunction
Radio Interface Connectivity Disturbance Alert,other,m3100Indeterminate,WARNING,RiLink,Equipment
ADB Failure,equipmentAlarm,x733EquipmentMalfunction,WARNING,AdbSubUnit,Equipment
PSU Output Power Failure,equipmentAlarm,m3100ReplaceableUnitProblem,WARNING,FieldReplaceableUnit,Equipment
F1C Link to GNBCUCP Failure,communicationsAlarm,m3100Unavailable,MINOR,GNBDUFunction,GNBDUFunction
Sync Internal to Baseband Cluster Lost,equipmentAlarm,gsm1211ClockSynchronisationProblem,MINOR,FieldReplaceableUnit,Equipment
Antenna Calibration UL Failure,processingErrorAlarm,x733ConfigurationOrCustomizationError,MINOR,NRSectorCarrier,GNBDUFunction
Antenna Calibration UL Failure,processingErrorAlarm,x733ConfigurationOrCustomizationError,MINOR,SectorCarrier,ENodeBFunction
Input Power Insufficient Taken out of Service,environmentalAlarm,gsm1211ExternalPowerSupplyFailure,MINOR,FieldReplaceableUnit,Equipment
ESS Service Degraded,qualityOfServiceAlarm,x733PerformanceDegraded,MINOR,EUtranCellFDD,ENodeBFunction
ESS Service Degraded,qualityOfServiceAlarm,x733PerformanceDegraded,MINOR,NRCellDU,GNBDUFunction
Antenna Communication Problem,communicationsAlarm,x733CommunicationsProtocolError,MINOR,AdbSubUnit,Equipment
Antenna Communication Problem,communicationsAlarm,x733CommunicationsProtocolError,MINOR,AntennaNearUnit,Equipment
Antenna Communication Problem,communicationsAlarm,x733CommunicationsProtocolError,MINOR,RetSubUnit,Equipment
Antenna Communication Problem,communicationsAlarm,x733CommunicationsProtocolError,MINOR,TmaSubUnit,Equipment
Indoor RAP Incompatible Software,processingErrorAlarm,x733ConfigurationOrCustomizationError,MINOR,FieldReplaceableUnit,Equipment
EC Bus Unreliable Link,equipmentAlarm,gsm1211LinkFailure,MINOR,EcBus,Equipment
Insufficient Battery Charging,equipmentAlarm,gsm1211BatteryChargingFault,MINOR,BatteryBackup,EquipmentSupportFunction
OPM LOS on Both Lines,communicationsAlarm,m3100LossOfSignal,MAJOR,OpmUnit,Equipment
IPL Cable Disconnected,equipmentAlarm,gsm1211LinkFailure,MINOR,IplPort,Equipment
Radio Clock Service in Time Holdover Mode,equipmentAlarm,gsm1211ClockSynchronisationProblem,MINOR,RadioEquipmentClock,Transport
Cell Auto Lock Performed Alert,other,m3100Indeterminate,WARNING,GNBDUFunction,GNBDUFunction
Carrier Resource Allocation Failure,processingErrorAlarm,x733ConfigurationOrCustomizationError,MAJOR,ExtTrx,BtsFunction
Carrier Resource Allocation Failure,processingErrorAlarm,x733ConfigurationOrCustomizationError,MINOR,NRSectorCarrier,GNBDUFunction
Carrier Resource Allocation Failure,processingErrorAlarm,x733ConfigurationOrCustomizationError,MAJOR,NodeBSectorCarrier,NodeBFunction
Carrier Resource Allocation Failure,processingErrorAlarm,x733ConfigurationOrCustomizationError,MINOR,SectorCarrier,ENodeBFunction
Carrier Resource Allocation Failure,processingErrorAlarm,x733ConfigurationOrCustomizationError,MAJOR,Trx,BtsFunction
MO Configuration Exceeds Resources Enabled by the Key,processingErrorAlarm,x733ConfigurationOrCustomizationError,MAJOR,EUtranCellFDD,ENodeBFunction
MO Configuration Exceeds Resources Enabled by the Key,processingErrorAlarm,x733ConfigurationOrCustomizationError,MAJOR,EUtranCellTDD,ENodeBFunction
MO Configuration Exceeds Resources Enabled by the Key,processingErrorAlarm,x733ConfigurationOrCustomizationError,MINOR,ExtTrx,BtsFunction
MO Configuration Exceeds Resources Enabled by the Key,processingErrorAlarm,x733ConfigurationOrCustomizationError,MAJOR,NRCellDU,GNBDUFunction
MO Configuration Exceeds Resources Enabled by the Key,processingErrorAlarm,x733ConfigurationOrCustomizationError,MINOR,NRSectorCarrier,GNBDUFunction
MO Configuration Exceeds Resources Enabled by the Key,processingErrorAlarm,x733ConfigurationOrCustomizationError,MINOR,NodeBSectorCarrier,NodeBFunction
MO Configuration Exceeds Resources Enabled by the Key,processingErrorAlarm,x733ConfigurationOrCustomizationError,MINOR,PimcHwacControl,Equipment
MO Configuration Exceeds Resources Enabled by the Key,processingErrorAlarm,x733ConfigurationOrCustomizationError,WARNING,RetSubUnit,Equipment
MO Configuration Exceeds Resources Enabled by the Key,processingErrorAlarm,x733ConfigurationOrCustomizationError,MINOR,SectorCarrier,ENodeBFunction
MO Configuration Exceeds Resources Enabled by the Key,processingErrorAlarm,x733ConfigurationOrCustomizationError,MINOR,Trx,BtsFunction
Security Log Export Service Unavailable,communicationsAlarm,m3100Unavailable,MAJOR,Log,SystemFunctions
License Additional Resources Request Failed,processingErrorAlarm,x733ConfigurationOrCustomizationError,MINOR,InstantaneousLicensing,NodeSupport
RET Not Calibrated,equipmentAlarm,x733EquipmentMalfunction,MINOR,RetSubUnit,Equipment
ASD Failure,equipmentAlarm,x733EquipmentMalfunction,MINOR,AsdSubUnit,Equipment
Indoor RAP Power Over Ethernet Fault,equipmentAlarm,x733EquipmentMalfunction,MINOR,FieldReplaceableUnit,Equipment
External Alarm,environmentalAlarm,gsm1211ExternalEquipmentFailure,MINOR,AlarmPort,Equipment
External Alarm,environmentalAlarm,gsm1211ExternalEquipmentFailure,MINOR,VirtualAlarmPort,Equipment
RF Reflected Power High,equipmentAlarm,x733EquipmentMalfunction,MINOR,RfPort,Equipment
Machine Learning Training Service Unavailable,communicationsAlarm,m3100Unavailable,MINOR,CtsFunction,ENodeBFunction
Hatch Open,environmentalAlarm,m3100EnclosureDoorOpen,MINOR,FieldReplaceableUnit,Equipment
DHCP Server Fault,communicationsAlarm,x733CommunicationsProtocolError,MAJOR,InterfaceIPv4,Transport
License Additional Resources Not Installed Alert,other,m3100Indeterminate,WARNING,InstantaneousLicensing,NodeSupport
SSH Authentication Failure,processingErrorAlarm,x733ConfigurationOrCustomizationError,MINOR,FieldReplaceableUnit,Equipment
Clogged Air Filter,environmentalAlarm,x733HeatingOrVentilationOrCoolingSystemProblem,MAJOR,Cabinet,Equipment
Circuit Breaker Tripped,environmentalAlarm,m3100FuseFailure,MINOR,BatteryUnit,Equipment
Circuit Breaker Tripped,environmentalAlarm,m3100FuseFailure,MINOR,EFuse,Equipment
Circuit Breaker Tripped,environmentalAlarm,m3100FuseFailure,MAJOR,FieldReplaceableUnit,Equipment
PDCP Encryption Disabled Alert,other,m3100Indeterminate,WARNING,SecurityHandling,GNBCUCPFunction
Power Disturbance,environmentalAlarm,gsm1211ExternalPowerSupplyFailure,MINOR,ExternalPower,EquipmentSupportFunction
RBS Physical and Configured Position Mismatch,processingErrorAlarm,x733ConfigurationOrCustomizationError,WARNING,AntennaNearUnit,Equipment
LACP Failure,communicationsAlarm,x733CommunicationsProtocolError,MINOR,LagPort,Transport
SW Downgrade Alert,other,m3100Indeterminate,WARNING,UpgradePackage,SystemFunctions
RAE Weighting Factor File Missing,equipmentAlarm,gsm1211AntennaProblem,MINOR,RaeSubUnit,Equipment
Inter Node Feature Incompatibility,processingErrorAlarm,x733ConfigurationOrCustomizationError,MAJOR,EUtranCellFDD,ENodeBFunction
Inter Node Feature Incompatibility,processingErrorAlarm,x733ConfigurationOrCustomizationError,MINOR,ExternalENodeBFunction,GNBCUCPFunction
Inter Node Feature Incompatibility,processingErrorAlarm,x733ConfigurationOrCustomizationError,MAJOR,NRCellDU,GNBDUFunction
System General Problem,processingErrorAlarm,x733SoftwareProgramError,WARNING,SystemFunctions,SystemFunctions
RF Branch General Problem,equipmentAlarm,x733EquipmentMalfunction,MINOR,AntennaUnitGroup,Equipment
Battery Capacity Degraded,qualityOfServiceAlarm,x733PerformanceDegraded,MINOR,SupportUnit,Equipment
PIM Cancellation Exhausted,processingErrorAlarm,x733ConfigurationOrCustomizationError,MINOR,PimCancellationFunction,NodeSupport
Current Too High,equipmentAlarm,x733EquipmentMalfunction,MINOR,RfPort,Equipment
Emergency Unlock Reset Key Required,qualityOfServiceAlarm,x733ResourceAtOrNearingCapacity,WARNING,EmergencyUnlock,SystemFunctions
SFP Power Failure,equipmentAlarm,m3100PowerProblem,MINOR,SfpModule,Equipment
Ethernet Link Failure,communicationsAlarm,m3100LossOfSignal,MINOR,EthernetPort,Transport
License Key File Fault,processingErrorAlarm,x733ConfigurationOrCustomizationError,CRITICAL,Lm,SystemFunctions
Radio Restart Alert,other,m3100Indeterminate,WARNING,FieldReplaceableUnit,Equipment
Enclosure Door Open,environmentalAlarm,m3100EnclosureDoorOpen,MAJOR,Cabinet,Equipment
SW Version Track Change Alert,other,m3100Indeterminate,WARNING,UpgradePackage,SystemFunctions
Enclosure Smoke,environmentalAlarm,m3100Smoke,CRITICAL,Cabinet,Equipment
Sync Reference Quality Level Too Low,equipmentAlarm,m3100SynchronisationSourceMismatch,MINOR,RadioEquipmentClockReference,Transport
Battery Low State of Charge,environmentalAlarm,m3100LowBatteryThreshold,MINOR,SupportUnit,Equipment
Software Management Certificate Expiration,qualityOfServiceAlarm,x733ThresholdCrossed,WARNING,SwSigningCert,NodeSupport
OPM Line Protection Failure,equipmentAlarm,m3100ProtectionPathFailure,WARNING,OpmUnit,Equipment
NMS No Connection,processingErrorAlarm,x733SoftwareError,MINOR,FieldReplaceableUnit,Equipment
Port Based Authentication Failure,communicationsAlarm,x733CommunicationsProtocolError,MAJOR,Dot1xAuthenticatorPort,Transport
Port Based Authentication Failure,communicationsAlarm,x733CommunicationsProtocolError,MINOR,ThirdPartyRiPort,Equipment
External Link to GNodeB Failure,equipmentAlarm,gsm1211LinkFailure,MINOR,ENodeBFunction,ENodeBFunction
Machine Learning Model Concept Drift Alert,other,m3100Indeterminate,WARNING,ENodeBFunction,ENodeBFunction
Climate Inconsistent Configuration,processingErrorAlarm,x733ConfigurationOrCustomizationError,MAJOR,EquipmentSupportFunction,EquipmentSupportFunction
Enclosure Product Data Mismatch,processingErrorAlarm,x733ConfigurationOrCustomizationError,WARNING,Cabinet,Equipment
Problems to Schedule SI Messages,qualityOfServiceAlarm,x733Congestion,MINOR,EUtranCellFDD,ENodeBFunction
Problems to Schedule SI Messages,qualityOfServiceAlarm,x733Congestion,MINOR,EUtranCellTDD,ENodeBFunction
Problems to Schedule SI Messages,qualityOfServiceAlarm,x733Congestion,MINOR,NbIotCell,ENodeBFunction
Security Log Export Failure,communicationsAlarm,m3100Unavailable,WARNING,LogPushTransfer,SystemFunctions
License System Triggered Unlock Unavailable,processingErrorAlarm,x733ConfigurationOrCustomizationError,WARNING,Lm,SystemFunctions
External Link Failure,equipmentAlarm,gsm1211LinkFailure,MINOR,ENodeBFunction,ENodeBFunction
Resource Configuration Failure Service Degraded,processingErrorAlarm,x733ConfigurationOrCustomizationError,MINOR,EUtranCellFDD,ENodeBFunction
Resource Configuration Failure Service Degraded,processingErrorAlarm,x733ConfigurationOrCustomizationError,MINOR,EUtranCellTDD,ENodeBFunction
Resource Configuration Failure Service Degraded,processingErrorAlarm,x733ConfigurationOrCustomizationError,MINOR,ExtTrx,BtsFunction
Resource Configuration Failure Service Degraded,processingErrorAlarm,x733ConfigurationOrCustomizationError,MINOR,NbIotCell,ENodeBFunction
Resource Configuration Failure Service Degraded,processingErrorAlarm,x733ConfigurationOrCustomizationError,MINOR,NodeBLocalCell,NodeBFunction
Resource Configuration Failure Service Degraded,processingErrorAlarm,x733ConfigurationOrCustomizationError,MINOR,Trx,BtsFunction
Auto Export Backup Failed,communicationsAlarm,x733CommunicationsProtocolError,WARNING,BrmBackupScheduler,SystemFunctions
Software Management CRL Pending,processingErrorAlarm,x733ConfigurationOrCustomizationError,MINOR,SwSigningCertM,NodeSupport
PIM Cancellation Out of Resources,processingErrorAlarm,x733ConfigurationOrCustomizationError,MINOR,PimCancellationFunction,NodeSupport
Link Stability,equipmentAlarm,gsm1211LinkFailure,WARNING,RiLink,Equipment
Memory Protection UE Attachments Rejected Alert,other,m3100Indeterminate,WARNING,ENodeBFunction,ENodeBFunction
Fan Disconnected,equipmentAlarm,x733EquipmentMalfunction,MINOR,FieldReplaceableUnit,Equipment
OPM Not Present,equipmentAlarm,m3100ReplaceableUnitMissing,MINOR,OpmUnit,Equipment
OPM External Failure,equipmentAlarm,x733EquipmentMalfunction,MINOR,OpmUnit,Equipment
Sync Frequency Server Reachability Fault,communicationsAlarm,m3100Unavailable,WARNING,RadioEquipmentClockReference,Transport
Unreliable Resource,processingErrorAlarm,x733ConfigurationOrCustomizationError,MINOR,EUtranCellFDD,ENodeBFunction
Unreliable Resource,processingErrorAlarm,x733ConfigurationOrCustomizationError,MINOR,EUtranCellTDD,ENodeBFunction
Unreliable Resource,processingErrorAlarm,x733ConfigurationOrCustomizationError,MINOR,ExtTrx,BtsFunction
Unreliable Resource,processingErrorAlarm,x733ConfigurationOrCustomizationError,MINOR,NRSectorCarrier,GNBDUFunction
Unreliable Resource,processingErrorAlarm,x733ConfigurationOrCustomizationError,MINOR,NbIotCell,ENodeBFunction
Unreliable Resource,processingErrorAlarm,x733ConfigurationOrCustomizationError,MINOR,NodeBLocalCell,NodeBFunction
Unreliable Resource,processingErrorAlarm,x733ConfigurationOrCustomizationError,MINOR,Trx,BtsFunction
OPM Critical Temperature Performance Degraded,environmentalAlarm,x733TemperatureUnacceptable,MINOR,OpmUnit,Equipment
RX Diversity Lost,equipmentAlarm,x733EquipmentMalfunction,MINOR,AntennaUnitGroup,Equipment
MO Configuration Not Consistent With Installed Equipment,processingErrorAlarm,x733ConfigurationOrCustomizationError,MINOR,Climate,EquipmentSupportFunction
MO Configuration Not Consistent With Installed Equipment,processingErrorAlarm,x733ConfigurationOrCustomizationError,MAJOR,DiLink,Equipment
MO Configuration Not Consistent With Installed Equipment,processingErrorAlarm,x733ConfigurationOrCustomizationError,MAJOR,DiPort,Equipment
MO Configuration Not Consistent With Installed Equipment,processingErrorAlarm,x733ConfigurationOrCustomizationError,MINOR,DotGroupConfig,Equipment
MO Configuration Not Consistent With Installed Equipment,processingErrorAlarm,x733ConfigurationOrCustomizationError,MAJOR,EUtranCellTDD,ENodeBFunction
MO Configuration Not Consistent With Installed Equipment,processingErrorAlarm,x733ConfigurationOrCustomizationError,MINOR,EcPort,Equipment
MO Configuration Not Consistent With Installed Equipment,processingErrorAlarm,x733ConfigurationOrCustomizationError,MINOR,ExtOamAgent,Equipment
MO Configuration Not Consistent With Installed Equipment,processingErrorAlarm,x733ConfigurationOrCustomizationError,MAJOR,FieldReplaceableUnit,Equipment
MO Configuration Not Consistent With Installed Equipment,processingErrorAlarm,x733ConfigurationOrCustomizationError,WARNING,FreqBandData,Equipment
MO Configuration Not Consistent With Installed Equipment,processingErrorAlarm,x733ConfigurationOrCustomizationError,MINOR,MacSecCp,Transport
MO Configuration Not Consistent With Installed Equipment,processingErrorAlarm,x733ConfigurationOrCustomizationError,MAJOR,NRCellDU,GNBDUFunction
MO Configuration Not Consistent With Installed Equipment,processingErrorAlarm,x733ConfigurationOrCustomizationError,MINOR,NRSectorCarrier,GNBDUFunction
MO Configuration Not Consistent With Installed Equipment,processingErrorAlarm,x733ConfigurationOrCustomizationError,MAJOR,NbIotCell,ENodeBFunction
MO Configuration Not Consistent With Installed Equipment,processingErrorAlarm,x733ConfigurationOrCustomizationError,MINOR,ORadio,Equipment
MO Configuration Not Consistent With Installed Equipment,processingErrorAlarm,x733ConfigurationOrCustomizationError,MINOR,ORiPort,Equipment
MO Configuration Not Consistent With Installed Equipment,processingErrorAlarm,x733ConfigurationOrCustomizationError,MINOR,PimCancellationFunction,NodeSupport
MO Configuration Not Consistent With Installed Equipment,processingErrorAlarm,x733ConfigurationOrCustomizationError,MINOR,PimcHwacControl,Equipment
MO Configuration Not Consistent With Installed Equipment,processingErrorAlarm,x733ConfigurationOrCustomizationError,MINOR,RetSubUnit,Equipment
MO Configuration Not Consistent With Installed Equipment,processingErrorAlarm,x733ConfigurationOrCustomizationError,MINOR,RiLink,Equipment
MO Configuration Not Consistent With Installed Equipment,processingErrorAlarm,x733ConfigurationOrCustomizationError,MINOR,RiPort,Equipment
MO Configuration Not Consistent With Installed Equipment,processingErrorAlarm,x733ConfigurationOrCustomizationError,MINOR,SectorCarrier,ENodeBFunction
MO Configuration Not Consistent With Installed Equipment,processingErrorAlarm,x733ConfigurationOrCustomizationError,MAJOR,SectorEquipmentFunction,NodeSupport
MO Configuration Not Consistent With Installed Equipment,processingErrorAlarm,x733ConfigurationOrCustomizationError,,ThirdPartyRiPort,Equipment
MO Configuration Not Consistent With Installed Equipment,processingErrorAlarm,x733ConfigurationOrCustomizationError,MINOR,Transceiver,Equipment
System Restart Alert,other,m3100Indeterminate,WARNING,ManagedElement,ManagedElement
Sync Reference Deviation,equipmentAlarm,gsm1211ClockSynchronisationProblem,MAJOR,RadioEquipmentClockReference,Transport
Battery Missing,processingErrorAlarm,x733ConfigurationOrCustomizationError,MAJOR,BatteryBackup,EquipmentSupportFunction
Battery Missing,processingErrorAlarm,x733ConfigurationOrCustomizationError,MINOR,BatteryUnit,Equipment
Running on Battery Supply,environmentalAlarm,m3100BatteryDischarging,MAJOR,BatteryBackup,EquipmentSupportFunction
IKE Peer Certificate Fault,processingErrorAlarm,x733ConfigurationOrCustomizationError,MAJOR,Ikev2Session,Transport
PLMN Service Unavailable,communicationsAlarm,m3100Unavailable,MINOR,ENodeBFunction,ENodeBFunction
PLMN Service Unavailable,communicationsAlarm,m3100Unavailable,MAJOR,EUtranCellFDD,ENodeBFunction
PLMN Service Unavailable,communicationsAlarm,m3100Unavailable,MAJOR,EUtranCellTDD,ENodeBFunction
PLMN Service Unavailable,communicationsAlarm,m3100Unavailable,MAJOR,GNBCUCPFunction,GNBCUCPFunction
PLMN Service Unavailable,communicationsAlarm,m3100Unavailable,MAJOR,NbIotCell,ENodeBFunction
Linearization Disturbance Performance Degraded,equipmentAlarm,gsm1211TransceiverProblem,MINOR,FieldReplaceableUnit,Equipment
Loss of Mains,environmentalAlarm,m3100CommercialPowerFailure,MAJOR,FieldReplaceableUnit,Equipment
Loss of Mains,environmentalAlarm,m3100CommercialPowerFailure,MAJOR,PowerSupply,EquipmentSupportFunction
Loss of Mains,environmentalAlarm,m3100CommercialPowerFailure,MAJOR,SupportUnit,Equipment
Memory Protection UE Attachments Accepted Alert,other,m3100Indeterminate,WARNING,ENodeBFunction,ENodeBFunction
License Usage Exceeds Capacity Enabled by the Key,processingErrorAlarm,x733ConfigurationOrCustomizationError,WARNING,LicenseSupport,NodeSupport
Certificate Management Automatic Enrollment Failed,processingErrorAlarm,x733ConfigurationOrCustomizationError,WARNING,NodeCredential,SystemFunctions
Antenna Connection Problem,equipmentAlarm,x733EquipmentMalfunction,MINOR,RfPort,Equipment
Service Unavailable,processingErrorAlarm,x733UnderlyingResourceUnavailable,MAJOR,EUtranCellFDD,ENodeBFunction
Service Unavailable,processingErrorAlarm,x733UnderlyingResourceUnavailable,MAJOR,EUtranCellTDD,ENodeBFunction
Service Unavailable,processingErrorAlarm,x733UnderlyingResourceUnavailable,MAJOR,NRCellDU,GNBDUFunction
Service Unavailable,processingErrorAlarm,x733UnderlyingResourceUnavailable,MAJOR,NbIotCell,ENodeBFunction
Battery Temperature Difference High,environmentalAlarm,x733TemperatureUnacceptable,MINOR,BatteryBackup,EquipmentSupportFunction
Inconsistent Configuration,processingErrorAlarm,x733ConfigurationOrCustomizationError,MAJOR,AbisIp,BtsFunction
Inconsistent Configuration,processingErrorAlarm,x733ConfigurationOrCustomizationError,MINOR,AlarmPort,Equipment
Inconsistent Configuration,processingErrorAlarm,x733ConfigurationOrCustomizationError,MINOR,AntennaNearUnit,Equipment
Inconsistent Configuration,processingErrorAlarm,x733ConfigurationOrCustomizationError,MINOR,AntennaUnit,Equipment
Inconsistent Configuration,processingErrorAlarm,x733ConfigurationOrCustomizationError,MINOR,Cabinet,Equipment
Inconsistent Configuration,processingErrorAlarm,x733ConfigurationOrCustomizationError,MINOR,DotGroupConfig,Equipment
Inconsistent Configuration,processingErrorAlarm,x733ConfigurationOrCustomizationError,MAJOR,EUtranCellFDD,ENodeBFunction
Inconsistent Configuration,processingErrorAlarm,x733ConfigurationOrCustomizationError,MAJOR,EUtranCellTDD,ENodeBFunction
Inconsistent Configuration,processingErrorAlarm,x733ConfigurationOrCustomizationError,MINOR,EcPort,Equipment
Inconsistent Configuration,processingErrorAlarm,x733ConfigurationOrCustomizationError,MINOR,EquipmentDiscovery,NodeSupport
Inconsistent Configuration,processingErrorAlarm,x733ConfigurationOrCustomizationError,MINOR,EquipmentSupportFunction,EquipmentSupportFunction
Inconsistent Configuration,processingErrorAlarm,x733ConfigurationOrCustomizationError,MAJOR,ExtTrx,BtsFunction
Inconsistent Configuration,processingErrorAlarm,x733ConfigurationOrCustomizationError,MINOR,ExternalENodeBFunction,GNBCUCPFunction
Inconsistent Configuration,processingErrorAlarm,x733ConfigurationOrCustomizationError,MINOR,FieldReplaceableUnit,Equipment
Inconsistent Configuration,processingErrorAlarm,x733ConfigurationOrCustomizationError,MAJOR,GNBCUCPFunction,GNBCUCPFunction
Inconsistent Configuration,processingErrorAlarm,x733ConfigurationOrCustomizationError,MINOR,IplPort,Equipment
Inconsistent Configuration,processingErrorAlarm,x733ConfigurationOrCustomizationError,MAJOR,MbsfnArea,ENodeBFunction
Inconsistent Configuration,processingErrorAlarm,x733ConfigurationOrCustomizationError,MINOR,MimoSleepFunction,ENodeBFunction
Inconsistent Configuration,processingErrorAlarm,x733ConfigurationOrCustomizationError,MAJOR,NRCellDU,GNBDUFunction
Inconsistent Configuration,processingErrorAlarm,x733ConfigurationOrCustomizationError,MINOR,NRSectorCarrier,GNBDUFunction
Inconsistent Configuration,processingErrorAlarm,x733ConfigurationOrCustomizationError,MAJOR,NbIotCell,ENodeBFunction
Inconsistent Configuration,processingErrorAlarm,x733ConfigurationOrCustomizationError,MAJOR,NodeBLocalCell,NodeBFunction
Inconsistent Configuration,processingErrorAlarm,x733ConfigurationOrCustomizationError,MINOR,NodeBLocalCellGroup,NodeBFunction
Inconsistent Configuration,processingErrorAlarm,x733ConfigurationOrCustomizationError,MAJOR,NodeBSectorCarrier,NodeBFunction
Inconsistent Configuration,processingErrorAlarm,x733ConfigurationOrCustomizationError,MINOR,PimCancellationFunction,NodeSupport
Inconsistent Configuration,processingErrorAlarm,x733ConfigurationOrCustomizationError,MINOR,RdiPort,Equipment
Inconsistent Configuration,processingErrorAlarm,x733ConfigurationOrCustomizationError,MINOR,RetSubUnit,Equipment
Inconsistent Configuration,processingErrorAlarm,x733ConfigurationOrCustomizationError,,RfPort,Equipment
Inconsistent Configuration,processingErrorAlarm,x733ConfigurationOrCustomizationError,MINOR,RiPort,Equipment
Inconsistent Configuration,processingErrorAlarm,x733ConfigurationOrCustomizationError,MINOR,SectorCarrier,ENodeBFunction
Inconsistent Configuration,processingErrorAlarm,x733ConfigurationOrCustomizationError,MAJOR,SectorEquipmentFunction,NodeSupport
Inconsistent Configuration,processingErrorAlarm,x733ConfigurationOrCustomizationError,MINOR,ThirdPartyRiPort,Equipment
Inconsistent Configuration,processingErrorAlarm,x733ConfigurationOrCustomizationError,MINOR,TmaSubUnit,Equipment
Inconsistent Configuration,processingErrorAlarm,x733ConfigurationOrCustomizationError,MINOR,TmfConfiguration,Equipment
Inconsistent Configuration,processingErrorAlarm,x733ConfigurationOrCustomizationError,MINOR,Transceiver,Equipment
Inconsistent Configuration,processingErrorAlarm,x733ConfigurationOrCustomizationError,MAJOR,Trx,BtsFunction
Inconsistent Configuration,processingErrorAlarm,x733ConfigurationOrCustomizationError,MINOR,UlCompGroup,ENodeBFunction
Feature Resource Missing,processingErrorAlarm,x733ConfigurationOrCustomizationError,MINOR,AntennaNearUnit,Equipment
Feature Resource Missing,processingErrorAlarm,x733ConfigurationOrCustomizationError,MINOR,RfPort,Equipment
Feature Resource Missing,processingErrorAlarm,x733ConfigurationOrCustomizationError,MINOR,RiPort,Equipment
Feature Resource Missing,processingErrorAlarm,x733ConfigurationOrCustomizationError,MAJOR,SectorEquipmentFunction,NodeSupport
TIF Server Not Reachable,communicationsAlarm,x733CommunicationsProtocolError,MINOR,TransportAutomationAgent,Transport
Sync PTP Time Availability Fault,communicationsAlarm,m3100Unavailable,MAJOR,RadioEquipmentClockReference,Transport
Security Log Export Inconsistent Configuration,processingErrorAlarm,x733ConfigurationOrCustomizationError,WARNING,LogPushTransfer,SystemFunctions
Downlink TX No Power Detected,qualityOfServiceAlarm,x733ThresholdCrossed,MINOR,EUtranCellFDD,ENodeBFunction
Downlink TX No Power Detected,qualityOfServiceAlarm,x733ThresholdCrossed,MINOR,EUtranCellTDD,ENodeBFunction
Downlink TX No Power Detected,qualityOfServiceAlarm,x733ThresholdCrossed,MINOR,NodeBLocalCell,NodeBFunction
MO Configuration Requires Key Install and Feature Activation,processingErrorAlarm,x733ConfigurationOrCustomizationError,MAJOR,EUtranCellFDD,ENodeBFunction
MO Configuration Requires Key Install and Feature Activation,processingErrorAlarm,x733ConfigurationOrCustomizationError,MAJOR,EUtranCellTDD,ENodeBFunction
MO Configuration Requires Key Install and Feature Activation,processingErrorAlarm,x733ConfigurationOrCustomizationError,MINOR,ExtOamAgent,Equipment
MO Configuration Requires Key Install and Feature Activation,processingErrorAlarm,x733ConfigurationOrCustomizationError,MINOR,NRCellDU,GNBDUFunction
MO Configuration Requires Key Install and Feature Activation,processingErrorAlarm,x733ConfigurationOrCustomizationError,MINOR,NRSectorCarrier,GNBDUFunction
MO Configuration Requires Key Install and Feature Activation,processingErrorAlarm,x733ConfigurationOrCustomizationError,MAJOR,NbIotCell,ENodeBFunction
MO Configuration Requires Key Install and Feature Activation,processingErrorAlarm,x733ConfigurationOrCustomizationError,MINOR,ORadio,Equipment
MO Configuration Requires Key Install and Feature Activation,processingErrorAlarm,x733ConfigurationOrCustomizationError,MINOR,ThirdPartyRiPort,Equipment
Sync PTP Time Reachability Fault,communicationsAlarm,m3100Unavailable,MAJOR,RadioEquipmentClockReference,Transport
Resource Not Installed,processingErrorAlarm,x733ConfigurationOrCustomizationError,WARNING,SectorEquipmentFunction,NodeSupport
Battery Voltage Low at Intermittent Charge,environmentalAlarm,m3100BatteryFailure,MINOR,BatteryBackup,EquipmentSupportFunction
Fan Power Supply Failure,equipmentAlarm,m3100PowerProblem,MAJOR,Cabinet,Equipment
Fan Power Supply Failure,equipmentAlarm,m3100PowerProblem,MAJOR,FanGroup,Equipment
Incompatible Internal System Limits,processingErrorAlarm,x733ConfigurationOrCustomizationError,MAJOR,NRCellDU,GNBDUFunction
GNBCUCP Service Unavailable,communicationsAlarm,m3100Unavailable,MAJOR,GNBDUFunction,GNBDUFunction
Power Loss Causing Node Outage,environmentalAlarm,gsm1211ExternalPowerSupplyFailure,MAJOR,ManagedElement,ManagedElement
Calibration Failure,equipmentAlarm,x733EquipmentMalfunction,MINOR,AntennaUnitGroup,Equipment
Certificate Management a Valid Certificate is Not Available,operationalViolation,x736OutOfService,,NodeCredential,SystemFunctions
Certificate Management a Valid Certificate is Not Available,operationalViolation,x736OutOfService,,TrustedCertificate,SystemFunctions
XnC Link to GNodeB Failure,equipmentAlarm,gsm1211LinkFailure,MINOR,GNBCUCPFunction,GNBCUCPFunction
License Additional Resources Required,processingErrorAlarm,x733ConfigurationOrCustomizationError,WARNING,InstantaneousLicensing,NodeSupport
